{
    "parent": "item/orientation/campfire",
    "elements": [
        {   "from": [ 1, 0, 0 ],
            "to": [ 5, 4, 16 ],
            "faces": {
                "down":  { "uv": [ 0, 0, 16, 4 ], "texture": "#log", "rotation": 90 },
                "up":    { "uv": [ 0, 0, 16, 4 ], "texture": "#log", "rotation": 90 },
                "north": { "uv": [ 0, 4, 4, 8 ], "texture": "#log" },
                "south": { "uv": [ 0, 4, 4, 8 ], "texture": "#log" },
                "west":  { "uv": [ 16, 0, 0, 4 ], "texture": "#log" },
                "east":  { "uv": [ 0, 1, 16, 5 ], "texture": "#lit_log" }
            }
        },
        {   "from": [ 0, 3, 11 ],
            "to": [ 16, 7, 15 ],
            "faces": {
                "down":  { "uv": [ 0, 0, 16, 4 ], "texture": "#lit_log" },
                "up":    { "uv": [ 0, 0, 16, 4 ], "texture": "#log", "rotation": 180 },
                "north": { "uv": [ 16, 0, 0, 4 ], "texture": "#lit_log" },
                "south": { "uv": [ 0, 0, 16, 4 ], "texture": "#lit_log" },
                "west":  { "uv": [ 0, 4, 4, 8 ], "texture": "#log" },
                "east":  { "uv": [ 0, 4, 4, 8 ], "texture": "#log" }
            }
        },
        {   "from": [ 11, 0, 0 ],
            "to": [ 15, 4, 16 ],
            "faces": {
                "down":  { "uv": [ 0, 0, 16, 4 ], "texture": "#log", "rotation": 90 },
                "up":    { "uv": [ 0, 0, 16, 4 ], "texture": "#log", "rotation": 90 },
                "north": { "uv": [ 0, 4, 4, 8 ], "texture": "#log" },
                "south": { "uv": [ 0, 4, 4, 8 ], "texture": "#log" },
                "west":  { "uv": [ 16, 1,  0, 5 ], "texture": "#lit_log" },
                "east":  { "uv": [ 0, 0, 16, 4 ], "texture": "#log" }
            }
        },
        {   "from": [ 0, 3, 1 ],
            "to": [ 16, 7, 5 ],
            "faces": {
                "down":  { "uv": [ 0, 0, 16, 4 ], "texture": "#lit_log" },
                "up":    { "uv": [ 0, 0, 16, 4 ], "texture": "#log", "rotation": 180 },
                "north": { "uv": [ 0, 0, 16, 4 ], "texture": "#lit_log" },
                "south": { "uv": [ 16, 0, 0, 4 ], "texture": "#lit_log" },
                "west":  { "uv": [ 0, 4, 4, 8 ], "texture": "#log" },
                "east":  { "uv": [ 0, 4, 4, 8 ], "texture": "#log" }
            }
        },
        {   "from": [ 5, 0, 0 ],
            "to": [ 11, 1, 16 ],
            "faces": {
                "down":  { "uv": [ 0, 8, 16, 14 ], "texture": "#log", "rotation": 90 },
                "up":    { "uv": [ 0, 8, 16, 14 ], "texture": "#lit_log", "rotation": 90 },
                "north": { "uv": [ 0, 15, 6, 16 ], "texture": "#log" },
                "south": { "uv": [ 10, 15, 16, 16 ], "texture": "#log" }
            }
        }
    ]
}
