{
    "parent": "item/orientation/minecart",
    "elements": [
        {   "from": [ -2, 0, 0 ],
            "to": [ 18, 2, 16 ],
            "faces": {
                "down":  { "uv": [ 0.5, 6, 5.5, 14 ], "texture": "#minecart" },
                "up":    { "uv": [ 6, 6, 11, 14 ], "texture": "#minecart" },
                "north": { "uv": [ 0.5, 5, 5.5, 6 ], "texture": "#minecart" },
                "south": { "uv": [ 5.5, 5, 10.5, 6 ], "texture": "#minecart" },
                "west":  { "uv": [ 0, 6, 0.5, 14 ], "texture": "#minecart", "rotation": 90 },
                "east":  { "uv": [ 5.5, 6, 6, 14 ], "texture": "#minecart", "rotation": 270 }
            }
        },
        {   "from": [ 0, 2, 0 ],
            "to": [ 16, 10, 2 ],
            "faces": {
                "up":    { "uv": [ 0.5, 0, 4.5, 1 ], "texture": "#minecart" },
                "north": { "uv": [ 5, 1, 9, 5 ], "texture": "#minecart" },
                "south": { "uv": [ 0.5, 1, 4.5, 5 ], "texture": "#minecart" }
            }
        },
        {   "from": [ 0, 2, 14 ],
            "to": [ 16, 10, 16 ],
            "faces": {
                "up":    { "uv": [ 0.5, 0, 4.5, 1 ], "rotation": 180, "texture": "#minecart" },
                "north": { "uv": [ 0.5, 1, 4.5, 5 ], "texture": "#minecart" },
                "south": { "uv": [ 5, 1, 9, 5 ], "texture": "#minecart" }
            }
        },
        {   "from": [ -2, 2, 0 ],
            "to": [ 0, 10, 16 ],
            "faces": {
                "up":    { "uv": [ 0.5, 0, 4.5, 1 ], "texture": "#minecart", "rotation": 270 },
                "north": { "uv": [ 4.5, 1, 5, 5 ], "texture": "#minecart" },
                "south": { "uv": [ 0, 1, 0.5, 5 ], "texture": "#minecart" },
                "west":  { "uv": [ 5, 1, 9, 5 ], "texture": "#minecart" },
                "east":  { "uv": [ 0.5, 1, 4.5, 5 ], "texture": "#minecart" }
            }
        },
        {   "from": [ 16, 2, 0 ],
            "to": [ 18, 10, 16 ],
            "faces": {
                "up":    { "uv": [ 0.5, 0, 4.5, 1 ], "texture": "#minecart", "rotation": 90 },
                "north": { "uv": [ 0, 1, 0.5, 5 ], "texture": "#minecart" },
                "south": { "uv": [ 4.5, 1, 5, 5 ], "texture": "#minecart" },
                "east":  { "uv": [ 5, 1, 9, 5 ], "texture": "#minecart" },
                "west":  { "uv": [ 0.5, 1, 4.5, 5 ], "texture": "#minecart" }
            }
        },
        {   "from": [ 2.75, 5, 2.75 ],
            "to": [ 13.25, 12.5, 13.25 ],
            "faces": {
                "north": { "uv": [ 7, 8.25, 10.5, 10.75 ], "texture": "#chest", "rotation": 180 },
                "south": { "uv": [ 0, 8.25, 3.5, 10.75 ], "texture": "#chest", "rotation": 180 },
                "west":  { "uv": [ 3.5, 8.25, 7, 10.75 ], "texture": "#chest", "rotation": 180 },
                "east":  { "uv": [ 10.5, 8.25, 14, 10.75 ], "texture": "#chest", "rotation": 180 }
            }
        },
        {   "from": [ 2.75, 12.5, 2.75 ],
            "to": [ 13.25, 15.5, 13.25 ],
            "faces": {
                "up":    { "uv": [ 10.5, 0, 7, 3.5 ], "texture": "#chest", "rotation": 90 },
                "north": { "uv": [ 7, 3.75, 10.5, 4.75 ], "texture": "#chest", "rotation": 180 },
                "south": { "uv": [ 0, 3.75, 3.5, 4.75 ], "texture": "#chest", "rotation": 180 },
                "west":  { "uv": [ 3.5, 3.75, 7, 4.75 ], "texture": "#chest", "rotation": 180 },
                "east":  { "uv": [ 10.5, 3.75, 14, 4.75 ], "texture": "#chest", "rotation": 180 }
            }
        },
        {   "from": [ 12.75, 10.25, 7.25 ],
            "to": [ 14, 13.25, 8.75 ],
            "faces": {
                "up":    { "uv": [ 0.75, 0, 1.25, 0.25 ], "texture": "#chest", "rotation": 270 },
                "down":  { "uv": [ 0.25, 0, 0.75, 0.25 ], "texture": "#chest", "rotation": 90 },
                "north": { "uv": [ 0.75, 1.25, 1, 0.25], "texture": "#chest" },
                "south": { "uv": [ 0, 1.25, 0.25, 0.25 ], "texture": "#chest" },
                "east":  { "uv": [ 1, 0.25, 1.5, 1.25 ], "texture": "#chest", "rotation": 180 }
            }
        }
    ]
}
