{
    "parent": "item/orientation/enchanting_table",
    "elements": [
        {   "from": [ 0, 0, 0 ],
            "to": [ 16, 12.5, 16 ],
            "rotation": { "angle": 22.5, "axis": "z", "origin": [ 8, 8, 8 ] },
            "faces": {
                "down":  { "uv": [ 0, 0, 16, 16 ], "texture": "#bottom", "rotation": 180 },
                "up":    { "uv": [ 0, 0, 16, 16 ], "texture": "#top", "rotation": 180 },
                "north": { "uv": [ 0, 4, 16, 16 ], "texture": "#side" },
                "south": { "uv": [ 0, 4, 16, 16 ], "texture": "#side" },
                "west":  { "uv": [ 0, 4, 16, 16 ], "texture": "#side" },
                "east":  { "uv": [ 0, 4, 16, 16 ], "texture": "#side" }
            }
        },
        {   "from": [ 0.9, 14.09375, 7 ],
            "to": [ 10.9, 14.1, 9 ],
            "faces": {
                "down":  { "uv": [ 3, 0, 3.5, 5 ], "texture": "#book", "rotation": 90 },
                "up":    { "uv": [ 3.5, 0, 4, 5 ], "texture": "#book", "rotation": 90 }
            }
        },
        {   "from": [ 0.9, 14.09375, 9 ],
            "to": [ 10.9, 14.1, 15 ],
            "rotation": { "angle": -22.5, "axis": "x", "origin": [ 8, 14.1, 9 ] },
            "faces": {
                "down":  { "uv": [ 5.5, 0, 7, 5 ], "texture": "#book", "rotation": 90 },
                "up":    { "uv": [ 4, 0, 5.5, 5 ], "texture": "#book", "rotation": 90 }
            }
        },
        {   "from": [ 0.9, 14.09375, 1 ],
            "to": [ 10.9, 14.1, 7 ],
            "rotation": { "angle": 22.5, "axis": "x", "origin": [ 8, 14.1, 7 ] },
            "faces": {
                "down":  { "uv": [ 1.5, 0, 3, 5 ], "texture": "#book", "rotation": 90 },
                "up":    { "uv": [ 0, 0, 1.5, 5 ], "texture": "#book", "rotation": 90 }
            }
        },
        {   "from": [ 1.9, 14.1, 8 ],
            "to": [ 9.9, 15.1, 13 ],
            "rotation": { "angle": -22.5, "axis": "x", "origin": [ 8, 15.1, 8 ] },
            "faces": {
                "down":  { "uv": [ 4.75, 5.5, 6, 9.5 ], "texture": "#book", "rotation": 90 },
                "up":    { "uv": [ 3.25, 5.5, 4.5, 9.5 ], "texture": "#book", "rotation": 90 },
                "north": { "uv": [ 3, 5.5, 3.25, 9.5 ], "texture": "#book", "rotation": 270 },
                "south": { "uv": [ 4.5, 5.5, 4.75, 9.5 ], "texture": "#book", "rotation": 90 },
                "west":  { "uv": [ 4.5, 5, 5.75, 5.5 ], "texture": "#book" },
                "east":  { "uv": [ 4.5, 5, 3.25, 5.5 ], "texture": "#book" }
            }
        },
        {   "from": [ 1.9, 14.1, 3 ],
            "to": [ 9.9, 15.1, 8 ],
            "rotation": { "angle": 22.5, "axis": "x", "origin": [ 8, 15.1, 8 ] },
            "faces": {
                "down":  { "uv": [ 0.25, 5.5, 1.5, 9.5 ], "texture": "#book", "rotation": 90 },
                "up":    { "uv": [ 1.75, 5.5, 3, 9.5 ], "texture": "#book", "rotation": 90 },
                "north": { "uv": [ 1.5, 5.5, 1.75, 9.5 ], "texture": "#book", "rotation": 270 },
                "south": { "uv": [ 0, 5.5, 0.25, 9.5 ], "texture": "#book", "rotation": 90 },
                "west":  { "uv": [ 2.75, 5, 1.5, 5.5 ], "texture": "#book" },
                "east":  { "uv": [ 0.25, 5, 1.5, 5.5 ], "texture": "#book" }
            }
        },
        {   "from": [ 1.9, 15.1, 8 ],
            "to": [ 9.9, 15.10625, 13 ],
            "rotation": { "angle": -45, "axis": "x", "origin": [ 8, 15.11, 8 ] },
            "faces": {
                "down":  { "uv": [ 7.25, 5, 8.5, 9 ], "texture": "#book", "rotation": 90 },
                "up":    { "uv": [ 6, 5, 7.25, 9 ], "texture": "#book", "rotation": 90 }
            }
        },
        {   "from": [ 1.9, 15.1, 3 ],
            "to": [ 9.9, 15.10625, 8 ],
            "rotation": { "angle": 45, "axis": "x", "origin": [ 8, 15.11, 8 ] },
            "faces": {
                "down":  { "uv": [ 6, 5, 7.25, 9 ], "texture": "#book", "rotation": 90 },
                "up":    { "uv": [ 7.25, 5, 8.5, 9 ], "texture": "#book", "rotation": 90 }
            }
        }
    ]
}
