{
    "parent": "item/orientation/end_crystal",
    "elements": [
        {   "from": [ 0, 0, 0 ],
            "to": [ 16, 16, 16 ],
            "rotation": { "angle": -45, "axis": "z", "origin": [ 8, 8, 8 ] },
            "faces": {
                "down":  { "uv": [ 14, 4, 12, 8 ], "texture": "#crystal", "rotation": 180 },
                "up":    { "uv": [ 10, 0, 12, 4 ], "texture": "#crystal" },
                "north": { "uv": [ 14, 4, 16, 8 ], "texture": "#crystal" },
                "south": { "uv": [ 10, 4, 12, 8 ], "texture": "#crystal" },
                "west":  { "uv": [ 8, 4, 10, 8 ], "texture": "#crystal" },
                "east":  { "uv": [ 12, 4, 14, 8 ], "texture": "#crystal" }
            }
        },
        {   "from": [ -2, -2, -2 ],
            "to": [ 18, 18, 18 ],
            "rotation": { "angle": 45, "axis": "y", "origin": [ 8, 8, 8 ] },
            "faces": {
                "down":  { "uv": [ 0, 4, 2, 8 ], "texture": "#crystal" },
                "up":    { "uv": [ 0, 4, 2, 8 ], "texture": "#crystal" },
                "north": { "uv": [ 0, 4, 2, 8 ], "texture": "#crystal" },
                "south": { "uv": [ 0, 4, 2, 8 ], "texture": "#crystal" },
                "west":  { "uv": [ 0, 4, 2, 8 ], "texture": "#crystal" },
                "east":  { "uv": [ 0, 4, 2, 8 ], "texture": "#crystal" }
            }
        },
        {   "from": [ -3, -3, -3 ],
            "to": [ 19, 19, 19 ],
            "rotation": { "angle": 45, "axis": "x", "origin": [ 8, 8, 8 ] },
            "faces": {
                "down":  { "uv": [ 0, 4, 2, 8 ], "texture": "#crystal" },
                "up":    { "uv": [ 0, 4, 2, 8 ], "texture": "#crystal" },
                "north": { "uv": [ 0, 4, 2, 8 ], "texture": "#crystal" },
                "south": { "uv": [ 0, 4, 2, 8 ], "texture": "#crystal" },
                "west":  { "uv": [ 0, 4, 2, 8 ], "texture": "#crystal" },
                "east":  { "uv": [ 0, 4, 2, 8 ], "texture": "#crystal" }
            }
        }
    ]
}
