{
    "parent": "item/orientation/turtle_egg",
    "elements": [
        {   "from": [ 6, 0, 6 ],
            "to": [ 10, 7, 10 ],
            "faces": {
                "down":  { "uv": [ 0, 0, 4, 4 ], "texture": "#egg" },
                "up":    { "uv": [ 0, 0, 4, 4 ], "texture": "#egg" },
                "north": { "uv": [ 1, 4, 5, 11 ], "texture": "#egg" },
                "south": { "uv": [ 1, 4, 5, 11 ], "texture": "#egg" },
                "west":  { "uv": [ 1, 4, 5, 11 ], "texture": "#egg" },
                "east":  { "uv": [ 1, 4, 5, 11 ], "texture": "#egg" }
            }
        }
    ]
}
