{   
    "parent": "item/orientation/fence",
    "elements": [
        {   "from": [ 6, 0, 6 ],
            "to": [ 10, 16, 10 ],
            "faces": {
                "down":  { "uv": [ 6, 6, 10, 10 ], "texture": "#texture" },
                "up":    { "uv": [ 6, 6, 10, 10 ], "texture": "#texture" },
                "north": { "uv": [ 6, 0, 10, 16 ], "texture": "#texture" },
                "south": { "uv": [ 6, 0, 10, 16 ], "texture": "#texture" },
                "west":  { "uv": [ 6, 0, 10, 16 ], "texture": "#texture" },
                "east":  { "uv": [ 6, 0, 10, 16 ], "texture": "#texture" }
            }
        },
        {   "from": [ 7, 12, 0 ],
            "to": [ 9, 15, 6 ],
            "faces": {
                "down":  { "uv": [ 3, 7, 9, 9 ], "texture": "#texture", "rotation": 90 },
                "up":    { "uv": [ 10, 7, 16, 9 ], "texture": "#texture", "rotation": 270 },
                "north": { "uv": [ 7, 1, 9, 4 ], "texture": "#texture" },
                "west":  { "uv": [ 0, 1, 6, 4 ], "texture": "#texture" },
                "east":  { "uv": [ 3, 1, 9, 4 ], "texture": "#texture" }
            }
        },
        {   "from": [ 7, 12, 10 ],
            "to": [ 9, 15, 16 ],
            "faces": {
                "down":  { "uv": [ 7, 7, 13, 9 ], "texture": "#texture", "rotation": 90 },
                "up":    { "uv": [ 0, 7, 6, 9 ], "texture": "#texture", "rotation": 270 },
                "south": { "uv": [ 7, 1, 9, 4 ], "texture": "#texture" },
                "west":  { "uv": [ 3, 1, 9, 4 ], "texture": "#texture" },
                "east":  { "uv": [ 0, 1, 6, 4 ], "texture": "#texture" }
            }
        },
        {   "from": [ 7, 6, 0 ],
            "to": [ 9, 9, 6 ],
            "faces": {
                "down":  { "uv": [ 3, 7, 9, 9 ], "texture": "#texture", "rotation": 90 },
                "up":    { "uv": [ 10, 7, 16, 9 ], "texture": "#texture", "rotation": 270 },
                "north": { "uv": [ 7, 7, 9, 10 ], "texture": "#texture" },
                "west":  { "uv": [ 0, 7, 6, 10 ], "texture": "#texture" },
                "east":  { "uv": [ 3, 7, 9, 10 ], "texture": "#texture" }
            }
        },
        {   "from": [ 7, 6, 10 ],
            "to": [ 9, 9, 16 ],
            "faces": {
                "down":  { "uv": [ 7, 7, 13, 9 ], "texture": "#texture", "rotation": 90 },
                "up":    { "uv": [ 0, 7, 6, 9 ], "texture": "#texture", "rotation": 270 },
                "south": { "uv": [ 7, 7, 9, 10 ], "texture": "#texture" },
                "west":  { "uv": [ 3, 7, 9, 10 ], "texture": "#texture" },
                "east":  { "uv": [ 0, 7, 6, 10 ], "texture": "#texture" }
            }
        }
    ]
}
