{
    "parent": "techreborn:item/orientation/resin_basin",
    "elements": [
        {   "from": [ 0, 0, 0 ],
            "to": [ 16, 8, 16 ],
            "faces": {
                "down":  { "uv": [ 0, 0, 16, 16 ], "texture": "#bottom" },
                "up":    { "uv": [ 0, 0, 16, 16 ], "texture": "#top" },
                "north": { "uv": [ 0, 8, 16, 16 ], "texture": "#side" },
                "south": { "uv": [ 0, 8, 16, 16 ], "texture": "#side" },
                "west":  { "uv": [ 0, 8, 16, 16 ], "texture": "#side" },
                "east":  { "uv": [ 0, 8, 16, 16 ], "texture": "#side" }
            }
        },
        {   "from": [ 1, 2, 1 ],
            "to": [ 15, 3, 15 ],
            "faces": {
                "down":  { "uv": [ 0, 0, 14, 14 ], "texture": "#bottom" },
                "up":    { "uv": [ 1, 1, 15, 15 ], "texture": "#bottom" },
                "north": { "uv": [ 0, 0, 14, 1 ], "texture": "#bottom" },
                "south": { "uv": [ 0, 0, 14, 1 ], "texture": "#bottom" },
                "west":  { "uv": [ 0, 0, 14, 1 ], "texture": "#bottom" },
                "east":  { "uv": [ 0, 0, 14, 1 ], "texture": "#bottom" }
            }
        },
        {   "from": [ 2, 2, 1 ],
            "to": [ 3, 8, 15 ],
            "rotation": { "angle": 22.5, "axis": "z", "origin": [ 2.5, 5, 8 ] },
            "faces": {
                "down":  { "uv": [ 0, 0, 1, 14 ], "texture": "#inner" },
                "up":    { "uv": [ 0, 0, 1, 14 ], "texture": "#inner" },
                "north": { "uv": [ 0, 0, 1, 6 ], "texture": "#inner" },
                "south": { "uv": [ 0, 0, 1, 6 ], "texture": "#inner" },
                "west":  { "uv": [ 0, 0, 14, 6 ], "texture": "#inner" },
                "east":  { "uv": [ 1, 9, 15, 15 ], "texture": "#inner" }
            }
        },
        {   "from": [ 13, 2, 1 ],
            "to": [ 14, 8, 15 ],
            "rotation": { "angle": -22.5, "axis": "z", "origin": [ 13.5, 5, 8 ] },
            "faces": {
                "down":  { "uv": [ 0, 0, 1, 14 ], "texture": "#inner" },
                "up":    { "uv": [ 0, 0, 1, 14 ], "texture": "#inner" },
                "north": { "uv": [ 0, 0, 1, 6 ], "texture": "#inner" },
                "south": { "uv": [ 0, 0, 1, 6 ], "texture": "#inner" },
                "west":  { "uv": [ 1, 9, 15, 15 ], "texture": "#inner" },
                "east":  { "uv": [ 1, 9, 15, 15 ], "texture": "#inner" }
            }
        },
        {   "from": [ 1, 2, 2 ],
            "to": [ 15, 8, 3 ],
            "rotation": { "angle": -22.5, "axis": "x", "origin": [ 8, 5, 2.5 ] },
            "faces": {
                "down":  { "uv": [ 0, 0, 14, 1 ], "texture": "#inner" },
                "up":    { "uv": [ 0, 0, 14, 1 ], "texture": "#inner" },
                "north": { "uv": [ 0, 0, 14, 6 ], "texture": "#inner" },
                "south": { "uv": [ 1, 9, 15, 15 ], "texture": "#inner" },
                "west":  { "uv": [ 0, 0, 1, 6 ], "texture": "#inner" },
                "east":  { "uv": [ 0, 0, 1, 6 ], "texture": "#inner" }
            }
        },


        {   "from": [ 1, 2, 13 ],
            "to": [ 15, 8, 14 ],
            "rotation": { "angle": 22.5, "axis": "x", "origin": [ 8, 5, 13.5 ] },
            "faces": {
                "down":  { "uv": [ 0, 0, 14, 1 ], "texture": "#inner" },
                "up":    { "uv": [ 0, 0, 14, 1 ], "texture": "#inner" },
                "north": { "uv": [ 1, 8, 15, 14 ], "texture": "#inner" },
                "south": { "uv": [ 1, 9, 15, 15 ], "texture": "#inner" },
                "west":  { "uv": [ 0, 0, 1, 6 ], "texture": "#inner" },
                "east":  { "uv": [ 0, 0, 1, 6 ], "texture": "#inner" }
            }
        },
        {   "from": [ 5.5, 11, 9 ],
            "to": [ 6.5, 14, 19 ],
            "rotation": { "angle": -22.5, "axis": "x", "origin": [ 8, 12.25, 14 ] },
            "faces": {
                "down":  { "uv": [ 0, 0, 1, 10 ], "texture": "#inner" },
                "up":    { "uv": [ 0, 0, 1, 10 ], "texture": "#inner" },
                "north": { "uv": [ 0, 0, 1, 3 ], "texture": "#inner" },
                "south": { "uv": [ 0, 0, 1, 3 ], "texture": "#inner" },
                "west":  { "uv": [ 0, 0, 10, 3 ], "texture": "#inner" },
                "east":  { "uv": [ 0, 0, 10, 3 ], "texture": "#inner" }
            }
        },
        {   "from": [ 9.5, 11, 9 ],
            "to": [ 10.5, 14, 19 ],
            "rotation": { "angle": -22.5, "axis": "x", "origin": [ 8, 12.25, 14 ] },
            "faces": {
                "down":  { "uv": [ 0, 0, 1, 10 ], "texture": "#inner" },
                "up":    { "uv": [ 0, 0, 1, 10 ], "texture": "#inner" },
                "north": { "uv": [ 0, 0, 1, 3 ], "texture": "#inner" },
                "south": { "uv": [ 0, 0, 1, 3 ], "texture": "#inner" },
                "west":  { "uv": [ 0, 0, 10, 3 ], "texture": "#inner" },
                "east":  { "uv": [ 0, 0, 10, 3 ], "texture": "#inner" }
            }
        },
        {   "from":  [6.5, 11, 9 ],
            "to": [ 9.5, 12, 19 ],
            "rotation": { "angle": -22.5, "axis": "x", "origin": [ 8, 12.25, 14 ] },
            "faces": {
                "down":  { "uv": [ 0, 0, 3, 10 ], "texture": "#inner" },
                "up":    { "uv": [ 0, 0, 3, 10 ], "texture": "#inner" },
                "north": { "uv": [ 0, 0, 3, 1 ], "texture": "#inner" },
                "south": { "uv": [ 0, 0, 3, 1 ], "texture": "#inner" },
                "west":  { "uv": [ 0, 0, 10, 1 ], "texture": "#inner" },
                "east":  { "uv": [ 0, 0, 10, 1 ], "texture": "#inner" }
            }
        },
        {   "from": [ 6, 10.9, 16 ],
            "to": [ 10, 14.9, 17 ],
            "faces": {
                "down":  { "uv": [ 0, 0, 4, 1 ], "texture": "#bottom" },
                "up":    { "uv": [ 6, 6, 10, 7 ], "texture": "#bottom" },
                "north": { "uv": [ 6, 6, 10, 10 ], "texture": "#bottom" },
                "south": { "uv": [ 0, 0, 4, 4 ], "texture": "#bottom" },
                "west":  { "uv": [ 0, 0, 1, 4 ], "texture": "#bottom" },
                "east":  { "uv": [ 0, 0, 1, 4 ], "texture": "#bottom" }
            }
        }
    ]
}
