{
    "parent": "item/orientation/armor_stand",
    "elements": [
        {   "from": [ 2, 0, 2 ],
            "to": [ 14, 1, 14 ],
            "faces": {
                "down":  { "uv": [ 9, 8, 6, 11 ], "texture": "#wood", "rotation": 90 },
                "up":    { "uv": [ 3, 8, 6, 11 ], "texture": "#wood", "rotation": 90 },
                "north": { "uv": [ 0, 11, 3, 11.25 ], "texture": "#wood" },
                "south": { "uv": [ 6, 11, 9, 11.25 ], "texture": "#wood" },
                "west":  { "uv": [ 3, 11, 6, 11.25 ], "texture": "#wood" },
                "east":  { "uv": [ 9, 11, 12, 11.25 ], "texture": "#wood" }
            }
        },
        {   "from": [ 9, 1, 7 ],
            "to": [ 11, 12, 9 ],
            "faces": {
                "north": { "uv": [ 2.5, 0.5, 3, 3.25 ], "texture": "#wood" },
                "south": { "uv": [ 3.5, 0.5, 4, 3.25 ], "texture": "#wood" },
                "west":  { "uv": [ 3, 0.5, 3.5, 3.25 ], "texture": "#wood" },
                "east":  { "uv": [ 2, 0.5, 2.5, 3.25 ], "texture": "#wood" }
            }
        },
        {   "from": [ 5, 1, 7 ],
            "to": [ 7, 12, 9 ],
            "faces": {
                "north": { "uv": [ 11, 4.5, 10.5, 7.25 ], "texture": "#wood" },
                "south": { "uv": [ 12, 4.5, 11.5, 7.25 ], "texture": "#wood" },
                "west":  { "uv": [ 10.5, 4.5, 10, 7.25 ], "texture": "#wood" },
                "east":  { "uv": [ 11.5, 4.5, 11, 7.25 ], "texture": "#wood" }
            }
        },
        {   "from": [ 4, 12, 7 ],
            "to": [ 12, 14, 9 ],
            "faces": {
                "down":  { "uv": [ 4.5, 12, 2.5, 12.5 ], "texture": "#wood" },
                "up":    { "uv": [ 0.5, 12, 2.5, 12.5 ], "texture": "#wood", "rotation": 180 },
                "north": { "uv": [ 0.5, 12.5, 2.5, 13 ], "texture": "#wood" },
                "south": { "uv": [ 3, 12.5, 5, 13 ], "texture": "#wood" },
                "west":  { "uv": [ 2.5, 12.5, 3, 13 ], "texture": "#wood" },
                "east":  { "uv": [ 0, 12.5, 0.5, 13 ], "texture": "#wood" }
            }
        },
        {   "from": [ 9, 14, 7 ],
            "to": [ 11, 21, 9 ],
            "faces": {
                "north": { "uv": [ 4.5, 0.5, 5, 2.25 ], "texture": "#wood" },
                "south": { "uv": [ 5.5, 0.5, 6, 2.25 ], "texture": "#wood" },
                "west":  { "uv": [ 5, 0.5, 5.5, 2.25 ], "texture": "#wood" },
                "east":  { "uv": [ 4, 0.5, 4.5, 2.25 ], "texture": "#wood" }
            }
        },
        {   "from": [ 5, 14, 7 ],
            "to": [ 7, 21, 9 ],
            "faces": {
                "north": { "uv": [ 12.5, 4.5, 13, 6.25 ], "texture": "#wood" },
                "south": { "uv": [ 13.5, 4.5, 14, 6.25 ], "texture": "#wood" },
                "west":  { "uv": [ 13, 4.5, 13.5, 6.25 ], "texture": "#wood" },
                "east":  { "uv": [ 12, 4.5, 12.5, 6.25 ], "texture": "#wood" }
            }
        },
        {   "from": [ 2, 21, 6.5 ],
            "to": [ 14, 24, 9.5 ],
            "faces": {
                "down":  { "uv": [ 6.75, 6.5, 3.75, 7.25 ], "texture": "#wood" },
                "up":    { "uv": [ 0.75, 6.5, 3.75, 7.25 ], "texture": "#wood", "rotation": 180 },
                "north": { "uv": [ 0.75, 7.25, 3.75, 8 ], "texture": "#wood" },
                "south": { "uv": [ 4.5, 7.25, 7.5, 8 ], "texture": "#wood" },
                "west":  { "uv": [ 3.75, 7.25, 4.5, 8 ], "texture": "#wood" },
                "east":  { "uv": [ 0, 7.25, 0.75, 8 ], "texture": "#wood" }
            }
        },
        {   "from": [ 7, 24, 7 ],
            "to": [ 9, 30, 9 ],
            "faces": {
                "up":    { "uv": [ 0.5, 0, 1, 0.5 ], "texture": "#wood", "rotation": 180 },
                "north": { "uv": [ 0.5, 0.5, 1, 2 ], "texture": "#wood" },
                "south": { "uv": [ 1, 0.5, 1.5, 2 ], "texture": "#wood" },
                "west":  { "uv": [ 1.5, 0.5, 2, 2 ], "texture": "#wood" },
                "east":  { "uv": [ 0, 0.5, 0.5, 2 ], "texture": "#wood" }
            }
        },
        {   "from": [ 14, 13, 7 ],
            "to": [ 16, 25, 9 ],
            "rotation": { "angle": 22.5, "axis": "z", "origin": [ 15, 19, 8 ] },
            "faces": {
                "down":  { "uv": [ 7.5, 0, 7, 0.5 ], "texture": "#wood" },
                "up":    { "uv": [ 6.5, 0, 7, 0.5 ], "texture": "#wood", "rotation": 180 },
                "north": { "uv": [ 6.5, 0.5, 7, 3.5 ], "texture": "#wood" },
                "south": { "uv": [ 7.5, 0.5, 8, 3.5 ], "texture": "#wood" },
                "west":  { "uv": [ 7, 0.5, 7.5, 3.5 ], "texture": "#wood" },
                "east":  { "uv": [ 6, 0.5, 6.5, 3.5 ], "texture": "#wood" }
            }
        },
        {   "from": [ 0, 13, 7 ],
            "to": [ 2, 25, 9 ],
            "rotation": { "angle": -22.5, "axis": "z", "origin": [ 1, 19, 8 ] },
            "faces": {
                "down":  { "uv": [ 9, 4, 9.5, 4.5 ], "texture": "#wood" },
                "up":    { "uv": [ 8.5, 4.5, 9, 4 ], "texture": "#wood" },
                "north": { "uv": [ 9, 4.5, 8.5, 7.5 ], "texture": "#wood" },
                "south": { "uv": [ 10, 4.5, 9.5, 7.5 ], "texture": "#wood" },
                "west":  { "uv": [ 8.5, 4.5, 8, 7.5 ], "texture": "#wood" },
                "east":  { "uv": [ 9.5, 4.5, 9, 7.5 ], "texture": "#wood" }
            }
        }
    ]
}
