{
    "display": {
        "gui": {
            "rotation": [ 30, 135, 0 ],
            "translation": [ 0, -3.15, 0 ],
            "scale": [ 0.455, 0.455, 0.455 ]
        },
        "ground": {
            "rotation": [ 0, 0, 0 ],
            "translation": [ 0, 3, 0 ],
            "scale": [ 0.25, 0.25, 0.25 ]
        },
        "fixed": {
            "rotation": [ 0, -90, 0 ],
            "translation": [ 0, -4, 0.25 ],
            "scale": [ 0.5, 0.5, 0.5 ]
        },
        "thirdperson_righthand": {
            "rotation": [ 75, 45, 0 ],
            "translation": [ -1.72, 0.71, 0 ],
            "scale": [ 0.375, 0.375, 0.375 ]
        },
        "thirdperson_lefthand": {
            "rotation": [ 75, 225, 0 ],
            "translation": [ -1.72, 0.71, 0 ],
            "scale": [ 0.375, 0.375, 0.375 ]
        },
        "firstperson_righthand": {
            "rotation": [ 0, 22.5, 0 ],
            "translation": [ -0.4, 0, 0.25 ],
            "scale": [ 0.40, 0.40, 0.40 ]
        },
        "firstperson_lefthand": {
            "rotation": [ 0, 202.5, 0 ],
            "translation": [ -0.4, 0, 0.25 ],
            "scale": [ 0.40, 0.40, 0.40 ]
        }
    }
}
