{
    "parent": "builtin/entity",
    "display": {
        "gui": {
            "rotation": [ 30, -45, 0 ],
            "translation": [ 0, 1.15, 0 ],
            "scale":[ 0.625, 0.625, 0.625 ]
        },
        "ground": {
            "rotation": [ 0, 0, 0 ],
            "translation": [ 2, 5.75, 1.5 ],
            "scale":[ 0.25, 0.25, 0.25 ]
        },
        "fixed": {
            "rotation": [ 0, 180, 0 ],
            "translation": [ -4, 4, -4 ],
            "scale":[ 0.5, 0.5, 0.5 ]
        },
        "thirdperson_righthand": {
            "rotation": [ 0, 90, 0 ],
            "translation": [ 10, 6, -4 ],
            "scale": [ 1, 1, 1 ]
        },
        "thirdperson_lefthand": {
            "rotation": [ 0, 90, 0 ],
            "translation": [ 10, 6, 12 ],
            "scale": [ 1, 1, 1 ]
        },
        "firstperson_righthand": {
            "rotation": [ 0, 180, 5 ],
            "translation": [ -10, 0, -10 ],
            "scale": [ 1.25, 1.25, 1.25 ]
        },
        "firstperson_lefthand": {
            "rotation": [ 0, 180, 5 ],
            "translation": [ 10, -1.75, -10 ],
            "scale": [ 1.25, 1.25, 1.25 ]
        }
    },
    "overrides": [
        {
            "predicate": {
                "blocking": 1
            },
            "model": "item/shield_blocking"
        }
    ]
}
