{
    "parent": "builtin/entity",
    "display": {
        "gui": {
            "rotation": [ 30, 45, 0 ],
            "translation": [ 0, -3.7, 0 ],
            "scale": [ 0.55, 0.55, 0.55 ]
        },
        "ground": {
            "rotation": [ 0, 0, 0 ],
            "translation": [ 0, 3, 0 ],
            "scale": [ 0.25, 0.25, 0.25 ]
        },
        "fixed": {
            "rotation": [ 0, 180, 0 ],
            "translation": [ 0, -2.5, 0 ],
            "scale": [ 0.5, 0.5, 0.5 ]
        },
        "thirdperson_righthand": {
            "rotation": [ 0, 225, 0 ],
            "translation": [ 0, 2.5, 1 ],
            "scale": [ 0.425, 0.425, 0.425 ]
        },
        "firstperson_righthand": {
            "rotation": [ 15, -45, 15 ],
            "translation": [ 0, 0, 0 ],
            "scale": [ 0.40, 0.40, 0.40 ]
        }
    }
}
