{
    "elements": [
        {   "from": [ 3, 13, 7 ],
            "to": [ 16, 15, 9 ],
            "faces": {
                "down":  { "uv": [ 2, 3, 16, 5 ], "texture": "#bar" },
                "up":    { "uv": [ 2, 3, 16, 5 ], "texture": "#bar" },
                "north": { "uv": [ 2, 2, 16, 4 ], "texture": "#bar" },
                "south": { "uv": [ 2, 3, 16, 5 ], "texture": "#bar" },
                "west":  { "uv": [ 5, 4, 7, 6 ], "texture": "#bar" },
                "east":  { "uv": [ 5, 4, 7, 6 ], "texture": "#bar", "cullface": "east" }
            }
        }
    ]
}
