{
    "elements": [
        {   "from": [ 7, 2, 4 ],
            "to": [ 9, 4, 7 ],
            "faces": {
                "down":  { "uv": [ 12, 12, 9, 14 ], "texture": "#bars", "rotation": 270 },
                "up":    { "uv": [ 12, 12, 9, 14 ], "texture": "#bars", "rotation": 90 },
                "west":  { "uv": [ 9, 12, 12, 14 ], "texture": "#bars", "rotation": 180 },
                "east":  { "uv": [ 9, 12, 12, 14 ], "texture": "#bars" }
            }
        },
        {   "from": [ 7, 0, 2 ],
            "to": [ 9, 16, 4 ],
            "faces": {
                "down":  { "uv": [ 7, 2, 9, 4 ], "texture": "#bars" },
                "up":    { "uv": [ 7, 2, 9, 4 ], "texture": "#bars" },
                "north": { "uv": [ 14, 0, 12, 16 ], "texture": "#bars" },
                "south": { "uv": [ 14, 0, 12, 16 ], "texture": "#bars" },
                "west":  { "uv": [ 12, 0, 14, 16 ], "texture": "#bars" },
                "east":  { "uv": [ 12, 0, 14, 16 ], "texture": "#bars" }
            }
        },
        {   "from": [ 7, 7, 0 ],
            "to": [ 9, 9, 2 ],
            "faces": {
                "down":  { "uv": [ 16, 7, 14, 9 ], "texture": "#bars", "rotation": 270 },
                "up":    { "uv": [ 16, 7, 14, 9 ], "texture": "#bars", "rotation": 90 },
                "north": { "uv": [ 14, 7, 16, 9 ], "texture": "#bars", "cullface": "north" },
                "west":  { "uv": [ 14, 7, 16, 9 ], "texture": "#bars", "rotation": 180 }, 
                "east":  { "uv": [ 14, 7, 16, 9 ], "texture": "#bars" }
            }
        }
    ]
}
