{
    "elements": [
        {   "from": [ 7, 7, 14 ],
            "to": [ 9, 9, 16 ],
            "faces": {
                "down":  { "uv": [ 2, 7, 0, 9 ], "texture": "#bars", "rotation": 270 },
                "up":    { "uv": [ 2, 7, 0, 9 ], "texture": "#bars", "rotation": 90 },
                "south": { "uv": [ 0, 7, 2, 9 ], "texture": "#bars", "cullface": "south" },
                "west":  { "uv": [ 0, 7, 2, 9 ], "texture": "#bars", "rotation": 180 },
                "east":  { "uv": [ 0, 7, 2, 9 ], "texture": "#bars" }
            }
        },
        {   "from": [ 7, 0, 12 ],
            "to": [ 9, 16, 14 ],
            "faces": {
                "down":  { "uv": [ 7, 2, 9, 4 ], "texture": "#bars" },
                "up":    { "uv": [ 7, 2, 9, 4 ], "texture": "#bars" },
                "north": { "uv": [ 4, 0, 2, 16 ], "texture": "#bars" },
                "south": { "uv": [ 4, 0, 2, 16 ], "texture": "#bars" },
                "west":  { "uv": [ 2, 0, 4, 16 ], "texture": "#bars" },
                "east":  { "uv": [ 2, 0, 4, 16 ], "texture": "#bars" }
            }
        },
        {   "from": [ 7, 12, 9 ],
            "to": [ 9, 14, 12 ],
            "faces": {
                "down":  { "uv": [ 7, 2, 4, 4 ], "texture": "#bars", "rotation": 270 },
                "up":    { "uv": [ 7, 2, 4, 4 ], "texture": "#bars", "rotation": 90 },
                "west":  { "uv": [ 4, 2, 7, 4 ], "texture": "#bars", "rotation": 180 }, 
                "east":  { "uv": [ 4, 2, 7, 4 ], "texture": "#bars" }
            }
        }
    ]
}
