{
    "elements": [
        {   "from": [ 12, 0, 15 ],
            "to": [ 14, 16, 16 ],
            "faces": {
                "up":    { "uv": [ 4, 0, 2, 1 ], "texture": "#ladder", "cullface": "up" },
                "down":  { "uv": [ 4, 15, 2, 16 ], "texture": "#ladder", "cullface": "down" },
                "north": { "uv": [ 2, 0, 4, 16 ], "texture": "#ladder" },
                "south": { "uv": [ 4, 0, 2, 16 ], "texture": "#ladder", "cullface": "south" },
                "east":  { "uv": [ 3, 0, 2, 16 ], "texture": "#ladder" },
                "west":  { "uv": [ 4, 0, 3, 16 ], "texture": "#ladder" }
            }
        },
        {   "from": [ 2, 0, 15 ],
            "to": [ 4, 16, 16 ],
            "faces": {
                "up":    { "uv": [ 14, 0, 12, 1 ], "texture": "#ladder", "cullface": "up" },
                "down":  { "uv": [ 14, 15, 12, 16 ], "texture": "#ladder", "cullface": "down" },
                "north": { "uv": [ 12, 0, 14, 16 ], "texture": "#ladder" },
                "south": { "uv": [ 14, 0, 12, 16 ], "texture": "#ladder", "cullface": "south" },
                "east":  { "uv": [ 13, 0, 12, 16 ], "texture": "#ladder" },
                "west":  { "uv": [ 14, 0, 13, 16 ], "texture": "#ladder" }
            }
        },
        {   "from": [ 1, 13, 14 ],
            "to": [ 15, 15, 15 ],
            "faces": {
                "down":  { "uv": [ 15, 2, 1, 3 ], "texture": "#ladder" },
                "up":    { "uv": [ 15, 1, 1, 2 ], "texture": "#ladder" },
                "north": { "uv": [ 1, 1, 15, 3 ], "texture": "#ladder" },
                "south": { "uv": [ 15, 1, 1, 3 ], "texture": "#ladder" },
                "west":  { "uv": [ 14, 1, 15, 3 ], "texture": "#ladder" },
                "east":  { "uv": [ 1, 1, 2, 3 ], "texture": "#ladder" }
            }
        },
        {   "from": [ 1, 9, 14 ],
            "to": [ 15, 11, 15 ],
            "faces": {
                "down":  { "uv": [ 15, 6, 1, 7 ], "texture": "#ladder" },
                "up":    { "uv": [ 15, 5, 1, 6 ], "texture": "#ladder" },
                "north": { "uv": [ 1, 5, 15, 7 ], "texture": "#ladder" },
                "south": { "uv": [ 15, 5, 1, 7 ], "texture": "#ladder" },
                "west":  { "uv": [ 14, 5, 15, 7 ], "texture": "#ladder" },
                "east":  { "uv": [ 1, 5, 2, 7 ], "texture": "#ladder" }
            }
        },
        {   "from": [ 1, 5, 14 ],
            "to": [ 15, 7, 15 ],
            "faces": {
                "down":  { "uv": [ 15, 10, 1, 11 ], "texture": "#ladder" },
                "up":    { "uv": [ 15, 9, 1, 10 ], "texture": "#ladder" },
                "north": { "uv": [ 1, 9, 15, 11 ], "texture": "#ladder" },
                "south": { "uv": [ 15, 9, 1, 11 ], "texture": "#ladder" },
                "west":  { "uv": [ 14, 9, 15, 11 ], "texture": "#ladder" },
                "east":  { "uv": [ 1, 9, 2, 11 ], "texture": "#ladder" }
            }
        },
        {   "from": [ 1, 1, 14 ],
            "to": [ 15, 3, 15 ],
            "faces": {
                "down":  { "uv": [ 15, 14, 1, 15 ], "texture": "#ladder" },
                "up":    { "uv": [ 15, 13, 1, 14 ], "texture": "#ladder" },
                "north": { "uv": [ 1, 13, 15, 15 ], "texture": "#ladder" },
                "south": { "uv": [ 15, 13, 1, 15 ], "texture": "#ladder" },
                "west":  { "uv": [ 14, 13, 15, 15 ], "texture": "#ladder" },
                "east":  { "uv": [ 1, 13, 2, 15 ], "texture": "#ladder" }
            }
        }
    ]
}
