{
    "elements": [
        {   "from": [ 4, 0, 1 ],
            "to": [ 7, 1, 2 ],
            "faces": {
                "down":  { "uv": [ 4, 2, 7, 1 ], "texture": "#lilypad", "tintindex": 0 },
                "up":    { "uv": [ 4, 1, 7, 2 ], "texture": "#lilypad", "tintindex": 0 },
                "north": { "uv": [ 7, 1, 4, 2 ], "texture": "#lilypad", "tintindex": 0 },
                "east":  { "uv": [ 6, 1, 7, 2 ], "texture": "#lilypad", "tintindex": 0, "rotation": 90 },
                "west":  { "uv": [ 4, 2, 5, 1 ], "texture": "#lilypad", "tintindex": 0, "rotation": 90 }
            }
        },
        {   "from": [ 10, 0, 1 ],
            "to": [ 13, 1, 2 ],
            "faces": {
                "down":  { "uv": [ 10, 2, 13, 1 ], "texture": "#lilypad", "tintindex": 0 },
                "up":    { "uv": [ 10, 1, 13, 2 ], "texture": "#lilypad", "tintindex": 0 },
                "north": { "uv": [ 13, 1, 10, 2 ], "texture": "#lilypad", "tintindex": 0 },
                "east":  { "uv": [ 10, 1, 11, 2 ], "texture": "#lilypad", "tintindex": 0, "rotation": 90 },
                "west":  { "uv": [ 12, 2, 13, 1 ], "texture": "#lilypad", "tintindex": 0, "rotation": 90 }
            }
        },
        {   "from": [ 3, 0, 2 ],
            "to": [ 4, 1, 4 ],
            "faces": {
                "down":  { "uv": [ 3, 4, 4, 2 ], "texture": "#lilypad", "tintindex": 0 },
                "up":    { "uv": [ 3, 2, 4, 4 ], "texture": "#lilypad", "tintindex": 0 },
                "north": { "uv": [ 4, 2, 3, 3 ], "texture": "#lilypad", "tintindex": 0 },
                "west":  { "uv": [ 3, 4, 4, 2 ], "texture": "#lilypad", "tintindex": 0, "rotation": 90 }
            }
        },
        {   "from": [ 13, 0, 2 ],
            "to": [ 14, 1, 4 ],
            "faces": {
                "down":  { "uv": [ 13, 4, 14, 2 ], "texture": "#lilypad", "tintindex": 0 },
                "up":    { "uv": [ 13, 2, 14, 4 ], "texture": "#lilypad", "tintindex": 0 },
                "north": { "uv": [ 14, 2, 13, 3 ], "texture": "#lilypad", "tintindex": 0 },
                "east":  { "uv": [ 13, 2, 14, 4 ], "texture": "#lilypad", "tintindex": 0, "rotation": 90 }
            }
        },
        {   "from": [ 4, 0, 2 ],
            "to": [ 7, 1, 4 ],
            "faces": {
                "down":  { "uv": [ 4, 4, 7, 2 ], "texture": "#lilypad", "tintindex": 0 },
                "up":    { "uv": [ 4, 2, 7, 4 ], "texture": "#lilypad", "tintindex": 0 },
                "east":  { "uv": [ 6, 2, 7, 4 ], "texture": "#lilypad", "tintindex": 0, "rotation": 90 }
            }
        },
        {   "from": [ 10, 0, 2 ],
            "to": [ 13, 1, 4 ],
            "faces": {
                "down":  { "uv": [ 10, 4, 13, 2 ], "texture": "#lilypad", "tintindex": 0 },
                "up":    { "uv": [ 10, 2, 13, 4 ], "texture": "#lilypad", "tintindex": 0 },
                "west":  { "uv": [ 10, 4, 11, 2 ], "texture": "#lilypad", "tintindex": 0, "rotation": 90 }
            }
        },
        {   "from": [ 7, 0, 3 ],
            "to": [ 8, 1, 5 ],
            "faces": {
                "down":  { "uv": [ 7, 5, 8, 3 ], "texture": "#lilypad", "tintindex": 0 },
                "up":    { "uv": [ 7, 3, 8, 5 ], "texture": "#lilypad", "tintindex": 0 },
                "north": { "uv": [ 8, 3, 7, 4 ], "texture": "#lilypad", "tintindex": 0 },
                "east":  { "uv": [ 7, 3, 8, 5 ], "texture": "#lilypad", "tintindex": 0, "rotation": 90 }
            }
        },
        {   "from": [ 9, 0, 3 ],
            "to": [ 10, 1, 5 ],
            "faces": {
                "down":  { "uv": [ 9, 5, 10, 3 ], "texture": "#lilypad", "tintindex": 0 },
                "up":    { "uv": [ 9, 3, 10, 5 ], "texture": "#lilypad", "tintindex": 0 },
                "north": { "uv": [ 10, 3, 9, 4 ], "texture": "#lilypad", "tintindex": 0 },
                "west":  { "uv": [ 9, 5, 10, 3 ], "texture": "#lilypad", "tintindex": 0, "rotation": 90 }
            }
        },
        {   "from": [ 2, 0, 4 ],
            "to": [ 3, 1, 11 ],
            "faces": {
                "down":  { "uv": [ 2, 11, 3, 4 ], "texture": "#lilypad", "tintindex": 0 },
                "up":    { "uv": [ 2, 4, 3, 11 ], "texture": "#lilypad", "tintindex": 0 },
                "north": { "uv": [ 3, 4, 2, 5 ], "texture": "#lilypad", "tintindex": 0 },
                "south": { "uv": [ 2, 10, 3, 11 ], "texture": "#lilypad", "tintindex": 0 },
                "west":  { "uv": [ 2, 11, 3, 10 ], "texture": "#lilypad", "tintindex": 0, "rotation": 90 }
            }
        },
        {   "from": [ 14, 0, 4 ],
            "to": [ 15, 1, 11 ],
            "faces": {
                "down":  { "uv": [ 14, 11, 15, 4 ], "texture": "#lilypad", "tintindex": 0 },
                "up":    { "uv": [ 14, 4, 15, 11 ], "texture": "#lilypad", "tintindex": 0 },
                "north": { "uv": [ 15, 4, 14, 5 ], "texture": "#lilypad", "tintindex": 0 },
                "south": { "uv": [ 14, 10, 15, 11 ], "texture": "#lilypad", "tintindex": 0 },
                "east":  { "uv": [ 14, 10, 15, 11 ], "texture": "#lilypad", "tintindex": 0, "rotation": 90 }
            }
        },
        {   "from": [ 3, 0, 4 ],
            "to": [ 7, 1, 11 ],
            "faces": {
                "down":  { "uv": [ 3, 11, 7, 4 ], "texture": "#lilypad", "tintindex": 0 },
                "up":    { "uv": [ 3, 4, 7, 11 ], "texture": "#lilypad", "tintindex": 0 }
            }
        },
        {   "from": [ 10, 0, 4 ],
            "to": [ 14, 1, 11 ],
            "faces": {
                "down":  { "uv": [ 10, 11, 14, 4 ], "texture": "#lilypad", "tintindex": 0 },
                "up":    { "uv": [ 10, 4, 14, 11 ], "texture": "#lilypad", "tintindex": 0 }
            }
        },
        {   "from": [ 7, 0, 5 ],
            "to": [ 10, 1, 6 ],
            "faces": {
                "down":  { "uv": [ 7, 6, 10, 5 ], "texture": "#lilypad", "tintindex": 0 },
                "up":    { "uv": [ 7, 5, 10, 6 ], "texture": "#lilypad", "tintindex": 0 },
                "north": { "uv": [ 10, 5, 7, 6 ], "texture": "#lilypad", "tintindex": 0 }
            }
        },
        {   "from": [ 7, 0, 6 ],
            "to": [ 10, 1, 11 ],
            "faces": {
                "down":  { "uv": [ 7, 11, 10, 6 ], "texture": "#lilypad", "tintindex": 0 },
                "up":    { "uv": [ 7, 6, 10, 11 ], "texture": "#lilypad", "tintindex": 0 }
            }
        },
        {   "from": [ 4, 0, 11 ],
            "to": [ 13, 1, 13 ],
            "faces": {
                "down":  { "uv": [ 4, 13, 13, 11 ], "texture": "#lilypad", "tintindex": 0 },
                "up":    { "uv": [ 4, 11, 13, 13 ], "texture": "#lilypad", "tintindex": 0 }
            }
        },
        {   "from": [ 6, 0, 13 ],
            "to": [ 11, 1, 14 ],
            "faces": {
                "down":  { "uv": [ 6, 14, 11, 13 ], "texture": "#lilypad", "tintindex": 0 },
                "up":    { "uv": [ 6, 13, 11, 14 ], "texture": "#lilypad", "tintindex": 0 }
            }
        },
        {   "from": [ 3, 0, 11 ],
            "to": [ 4, 1, 13 ],
            "faces": {
                "down":  { "uv": [ 3, 13, 4, 11 ], "texture": "#lilypad", "tintindex": 0 },
                "up":    { "uv": [ 3, 11, 4, 13 ], "texture": "#lilypad", "tintindex": 0 },
                "south": { "uv": [ 3, 12, 4, 13 ], "texture": "#lilypad", "tintindex": 0 },
                "west":  { "uv": [ 3, 13, 4, 11 ], "texture": "#lilypad", "tintindex": 0, "rotation": 90 }
            }
        },
        {   "from": [ 13, 0, 11 ],
            "to": [ 14, 1, 13 ],
            "faces": {
                "down":  { "uv": [ 13, 13, 14, 11 ], "texture": "#lilypad", "tintindex": 0 },
                "up":    { "uv": [ 13, 11, 14, 13 ], "texture": "#lilypad", "tintindex": 0 },
                "south": { "uv": [ 13, 12, 14, 13 ], "texture": "#lilypad", "tintindex": 0 },
                "east":  { "uv": [ 13, 11, 14, 13 ], "texture": "#lilypad", "tintindex": 0, "rotation": 90 }
            }
        },
        {   "from": [ 4, 0, 13 ],
            "to": [ 6, 1, 14 ],
            "faces": {
                "down":  { "uv": [ 4, 14, 6, 13 ], "texture": "#lilypad", "tintindex": 0 },
                "up":    { "uv": [ 4, 13, 6, 14 ], "texture": "#lilypad", "tintindex": 0 },
                "south": { "uv": [ 4, 13, 6, 14 ], "texture": "#lilypad", "tintindex": 0 },
                "west":  { "uv": [ 4, 14, 5, 13 ], "texture": "#lilypad", "tintindex": 0, "rotation": 90 }
            }
        },
        {   "from": [ 11, 0, 13 ],
            "to": [ 13, 1, 14 ],
            "faces": {
                "down":  { "uv": [ 11, 14, 13, 13 ], "texture": "#lilypad", "tintindex": 0 },
                "up":    { "uv": [ 11, 13, 13, 14 ], "texture": "#lilypad", "tintindex": 0 },
                "south": { "uv": [ 11, 13, 13, 14 ], "texture": "#lilypad", "tintindex": 0 },
                "east":  { "uv": [ 12, 13, 13, 14 ], "texture": "#lilypad", "tintindex": 0, "rotation": 90 }
            }
        },
        {   "from": [ 6, 0, 14 ],
            "to": [ 11, 1, 15 ],
            "faces": {
                "down":  { "uv": [ 6, 15, 11, 14 ], "texture": "#lilypad", "tintindex": 0 },
                "up":    { "uv": [ 6, 14, 11, 15 ], "texture": "#lilypad", "tintindex": 0 },
                "south": { "uv": [ 6, 14, 11, 15 ], "texture": "#lilypad", "tintindex": 0 },
                "west":  { "uv": [ 6, 15, 7, 14 ], "texture": "#lilypad", "tintindex": 0, "rotation": 90 },
                "east":  { "uv": [ 10, 14, 11, 15 ], "texture": "#lilypad", "tintindex": 0, "rotation": 90 }
            }
        }
    ]
}
