{
    "elements": [
        {   "from": [ 2, 1, 0 ],
            "to": [ 4, 2, 16 ],
            "faces": {
                "down":  { "uv": [ 0, 8, 1, 0 ], "texture": "#rail" },
                "up":    { "uv": [ 0, 0, 1, 8 ], "texture": "#rail" },
                "north": { "uv": [ 1, 0, 0, 0.5 ], "texture": "#rail", "cullface": "north" },
                "south": { "uv": [ 0, 7.5, 1, 8 ], "texture": "#rail", "cullface": "south" },
                "west":  { "uv": [ 0, 0, 0.5, 8 ], "texture": "#rail", "rotation": 270 },
                "east":  { "uv": [ 0.5, 0, 1, 8 ], "texture": "#rail", "rotation": 90 }
            }
        },
        {   "from": [ 12, 1, 0 ],
            "to": [ 14, 2, 16 ],
            "faces": {
                "down":  { "uv": [ 1.5, 8, 2.5, 0 ], "texture": "#rail" },
                "up":    { "uv": [ 1.5, 0, 2.5, 8 ], "texture": "#rail" },
                "north": { "uv": [ 2.5, 0, 1.5, 0.5 ], "texture": "#rail", "cullface": "north" },
                "south": { "uv": [ 1.5, 7.5, 2.5, 8 ], "texture": "#rail", "cullface": "south" },
                "west":  { "uv": [ 1.5, 0, 2, 8 ], "texture": "#rail", "rotation": 270 },
                "east":  { "uv": [ 2, 0, 2.5, 8 ], "texture": "#rail", "rotation": 90 }
            }
        },
        {   "from": [ 1, 0, 1 ],
            "to": [ 15, 1, 3 ],
            "faces": {
                "down":  { "uv": [ 8.5, 1.5, 15.5, 0.5 ], "texture": "#rail", "cullface": "down" },
                "up":    { "uv": [ 8.5, 0.5, 15.5, 1.5 ], "texture": "#rail" },
                "north": { "uv": [ 15.5, 0.5, 8.5, 1 ], "texture": "#rail" },
                "south": { "uv": [ 8.5, 1, 15.5, 1.5 ], "texture": "#rail" },
                "west":  { "uv": [ 8.5, 0.5, 9, 1.5 ], "texture": "#rail", "rotation": 270 },
                "east":  { "uv": [ 15, 0.5, 15.5, 1.5 ], "texture": "#rail", "rotation": 90 }
            }
        },
        {   "from": [ 1, 0, 5 ],
            "to": [ 15, 1, 7 ],
            "faces": {
                "down":  { "uv": [ 8.5, 3.5, 15.5, 2.5 ], "texture": "#rail", "cullface": "down" },
                "up":    { "uv": [ 8.5, 2.5, 15.5, 3.5 ], "texture": "#rail" },
                "north": { "uv": [ 15.5, 2.5, 8.5, 3 ], "texture": "#rail" },
                "south": { "uv": [ 8.5, 3, 15.5, 3.5 ], "texture": "#rail" },
                "west":  { "uv": [ 8.5, 2.5, 9, 3.5 ], "texture": "#rail", "rotation": 270 },
                "east":  { "uv": [ 15, 2.5, 15.5, 3.5 ], "texture": "#rail", "rotation": 90 }
            }
        },
        {   "from": [ 1, 0, 9 ],
            "to": [ 15, 1, 11 ],
            "faces": {
                "down":  { "uv": [ 8.5, 5.5, 15.5, 4.5 ], "texture": "#rail", "cullface": "down" },
                "up":    { "uv": [ 8.5, 4.5, 15.5, 5.5 ], "texture": "#rail" },
                "north": { "uv": [ 15.5, 4.5, 8.5, 5 ], "texture": "#rail" },
                "south": { "uv": [ 8.5, 5, 15.5, 5.5 ], "texture": "#rail" },
                "west":  { "uv": [ 8.5, 4.5, 9, 5.5 ], "texture": "#rail", "rotation": 270 },
                "east":  { "uv": [ 15, 4.5, 15.5, 5.5 ], "texture": "#rail", "rotation": 90 }
            }
        },
        {   "from": [ 1, 0, 13 ],
            "to": [ 15, 1, 15 ],
            "faces": {
                "down":  { "uv": [ 8.5, 9.5, 15.5, 8.5 ], "texture": "#rail", "cullface": "down" },
                "up":    { "uv": [ 8.5, 8.5, 15.5, 9.5 ], "texture": "#rail" },
                "north": { "uv": [ 15.5, 8.5, 8.5, 9 ], "texture": "#rail" },
                "south": { "uv": [ 8.5, 9, 15.5, 9.5 ], "texture": "#rail" },
                "west":  { "uv": [ 8.5, 8.5, 9, 9.5 ], "texture": "#rail", "rotation": 270 },
                "east":  { "uv": [ 15, 8.5, 15.5, 9.5 ], "texture": "#rail", "rotation": 90 }
            }
        },
        {   "from": [ 7, 0, 3 ],
            "to": [ 9, 1, 5 ],
            "faces": {
                "down":  { "uv": [ 11.5, 2.5, 12.5, 1.5 ], "texture": "#rail", "cullface": "down" },
                "up":    { "uv": [ 11.5, 1.5, 12.5, 2.5 ], "texture": "#rail" },
                "west":  { "uv": [ 11.5, 1.5, 12, 2.5 ], "texture": "#rail", "rotation": 270 },
                "east":  { "uv": [ 12, 1.5, 12.5, 2.5 ], "texture": "#rail", "rotation": 90 }
            }
        },
        {   "from": [ 7, 0, 7 ],
            "to": [ 9, 1, 9 ],
            "faces": {
                "down":  { "uv": [ 11.5, 4.5, 12.5, 3.5 ], "texture": "#rail", "cullface": "down" },
                "up":    { "uv": [ 11.5, 3.5, 12.5, 4.5 ], "texture": "#rail" },
                "west":  { "uv": [ 11.5, 3.5, 12, 4.5 ], "texture": "#rail", "rotation": 270 },
                "east":  { "uv": [ 12, 3.5, 12.5, 4.5 ], "texture": "#rail", "rotation": 90 }
            }
        },
        {   "from": [ 7, 0, 11 ],
            "to": [ 9, 1, 13 ],
            "faces": {
                "down":  { "uv": [ 11.5, 8.5, 12.5, 7.5 ], "texture": "#rail", "cullface": "down" },
                "up":    { "uv": [ 11.5, 7.5, 12.5, 8.5 ], "texture": "#rail" },
                "west":  { "uv": [ 11.5, 7.5, 12, 8.5 ], "texture": "#rail", "rotation": 270 },
                "east":  { "uv": [ 12, 7.5, 12.5, 8.5 ], "texture": "#rail", "rotation": 90 }
            }
        },
        {   "from": [ 4, 1, 0 ],
            "to": [ 5, 2, 16 ],
            "faces": {
                "down":  { "uv": [ 1, 8, 1.5, 0 ], "texture": "#rail" },
                "up":    { "uv": [ 1, 0, 1.5, 8 ], "texture": "#rail" },
                "north": { "uv": [ 1.5, 0, 1, 0.5 ], "texture": "#rail", "cullface": "north" },
                "south": { "uv": [ 1, 7.5, 1.5, 8 ], "texture": "#rail", "cullface": "south" },
                "west":  { "uv": [ 1, 8, 1.5, 0 ], "texture": "#rail", "rotation": 90 },
                "east":  { "uv": [ 1.5, 0, 1, 8 ], "texture": "#rail", "rotation": 90 }
            }
        },
        {   "from": [ 11, 1, 0 ],
            "to": [ 12, 2, 16 ],
            "faces": {
                "down":  { "uv": [ 2.5, 8, 3, 0 ], "texture": "#rail" },
                "up":    { "uv": [ 2.5, 0, 3, 8 ], "texture": "#rail" },
                "north": { "uv": [ 3, 0, 2.5, 0.5 ], "texture": "#rail", "cullface": "north" },
                "south": { "uv": [ 2.5, 7.5, 3, 8 ], "texture": "#rail", "cullface": "south" },
                "west":  { "uv": [ 2.5, 8, 3, 0 ], "texture": "#rail", "rotation": 90 },
                "east":  { "uv": [ 3, 0, 2.5, 8 ], "texture": "#rail", "rotation": 90 }
            }
        }
    ]
}
