{
    "elements": [
        {   "from": [ 12, 1.001, 2 ],
            "to": [ 16, 1.999, 4 ],
            "faces": {
                "down":  { "uv": [ 1.5, 12.5, 3.5, 11.5 ], "texture": "#rail" },
                "up":    { "uv": [ 1.5, 11.5, 3.5, 12.5 ], "texture": "#rail" },
                "north": { "uv": [ 1.5, 11.5, 3.5, 12 ], "texture": "#rail", "rotation": 180 },
                "south": { "uv": [ 1.5, 12, 3.5, 12.5 ], "texture": "#rail" },
                "east":  { "uv": [ 3, 11.5, 3.5, 12.5 ], "texture": "#rail", "rotation": 90, "cullface": "east" }
            }
        },
        {   "from": [ 7.72, 0.999, 3.075 ],
            "to": [ 15.375, 2.001, 4.075 ],
            "rotation": { "angle": 22.5, "axis": "y", "origin": [ 11, 0, 11 ] },
            "faces": {
                "down":  { "uv": [ 0.1, 13.5, 3.925, 13 ], "texture": "#rail" },
                "up":    { "uv": [ 0.1, 13, 3.925, 13.5 ], "texture": "#rail" },
                "north": { "uv": [ 0.1, 13, 3.925, 13.5 ], "texture": "#rail", "rotation": 180 }
            }
        },
        {   "from": [ 8, 1.001, 4.0725 ],
            "to": [ 15, 1.999, 5.075 ],
            "rotation": { "angle": 22.5, "axis": "y", "origin": [ 11, 0, 11 ] },
            "faces": {
                "down":  { "uv": [ 0, 14, 3.5, 13.5 ], "texture": "#rail" },
                "up":    { "uv": [ 0, 13.5, 3.5, 14 ], "texture": "#rail" },
                "south": { "uv": [ 0, 13.5, 3.5, 14 ], "texture": "#rail" }
            }
        },
        {   "from": [ 3.075, 0.999, 7.72 ],
            "to": [ 4.075, 2.001, 15.375 ],
            "rotation": { "angle": -22.5, "axis": "y", "origin": [ 11, 0, 11 ] },
            "faces": {
                "down":  { "uv": [ 0, 12.425, 0.5, 8.6 ], "texture": "#rail" },
                "up":    { "uv": [ 0, 8.6, 0.5, 12.425 ], "texture": "#rail" },
                "west":  { "uv": [ 0, 8.6, 0.5, 12.425], "texture": "#rail", "rotation": 270 }
            }
        },
        {   "from": [ 4.0725, 1.001, 8 ],
            "to": [ 5.075, 1.999, 15 ],
            "rotation": { "angle": -22.5, "axis": "y", "origin": [ 11, 0, 11 ] },
            "faces": {
                "down":  { "uv": [ 0.5, 12, 1, 8.5 ], "texture": "#rail" },
                "up":    { "uv": [ 0.5, 8.5, 1, 12 ], "texture": "#rail" },
                "east":  { "uv": [ 0.5, 8.5, 1, 12 ], "texture": "#rail", "rotation": 90 }
            }
        },
        {   "from": [ 2, 1.001, 12 ],
            "to": [ 4, 1.999, 16 ],
            "faces": {
                "down":  { "uv": [ 1.5, 10.5, 2.5, 8.5 ], "texture": "#rail" },
                "up":    { "uv": [ 1.5, 8.5, 2.5, 10.5 ], "texture": "#rail" },
                "south": { "uv": [ 1.5, 10, 2.5, 10.5 ], "texture": "#rail", "cullface": "south" },
                "west":  { "uv": [ 1.5, 8.5, 2, 10.5 ], "texture": "#rail", "rotation": 270 },
                "east":  { "uv": [ 2, 8.5, 2.5, 10.5 ], "texture": "#rail", "rotation": 90 }
            }
        },
        {   "from": [ 14, 1.001, 12 ],
            "to": [ 16, 1.999, 14 ],
            "faces": {
                "down":  { "uv": [ 1.5, 15.5, 2.5, 14.5 ], "texture": "#rail" },
                "up":    { "uv": [ 1.5, 14.5, 2.5, 15.5 ], "texture": "#rail" },
                "north": { "uv": [ 1.5, 14.5, 2.5, 15 ], "texture": "#rail", "rotation": 180 },
                "south": { "uv": [ 1.5, 15, 2.5, 15.5 ], "texture": "#rail" },
                "east":  { "uv": [ 2, 14.5, 2.5, 15.5 ], "texture": "#rail", "rotation": 90, "cullface": "east" }
            }
        },
        {   "from": [ 9.575, 0.999, 13.835 ],
            "to": [ 12.425, 2.001, 14.835 ],
            "rotation": { "angle": 45, "axis": "y", "origin": [ 11, 0, 11 ] },
            "faces": {
                "down":  { "uv": [ 3, 15, 4.5, 14.5 ], "texture": "#rail" },
                "up":    { "uv": [ 3, 14.5, 4.5, 15 ], "texture": "#rail" },
                "north": { "uv": [ 3, 14.5, 4.5, 15 ], "texture": "#rail", "rotation": 180 }
            }
        },
        {   "from": [ 10, 1.001, 14.835 ],
            "to": [ 12, 1.999, 15.835 ],
            "rotation": { "angle": 45, "axis": "y", "origin": [ 11, 0, 11 ] },
            "faces": {
                "down":  { "uv": [ 3, 15.5, 4, 15 ], "texture": "#rail" },
                "up":    { "uv": [ 3, 15, 4, 15.5 ], "texture": "#rail" },
                "south": { "uv": [ 3, 15, 4, 15.5 ], "texture": "#rail" }
            }
        },
        {   "from": [ 12, 1.001, 14 ],
            "to": [ 14, 1.999, 16 ],
            "faces": {
                "down":  { "uv": [ 0, 15.5, 1, 14.5 ], "texture": "#rail" },
                "up":    { "uv": [ 0, 14.5, 1, 15.5 ], "texture": "#rail" },
                "south": { "uv": [ 0, 15, 1, 15.5 ], "texture": "#rail", "cullface": "south" },
                "west":  { "uv": [ 0, 14.5, 0.5, 15.5 ], "texture": "#rail", "rotation": 270 },
                "east":  { "uv": [ 0.5, 14.5, 1, 15.5 ], "texture": "#rail", "rotation": 90 }
            }
        },
        {   "from": [ 13, -0.01, 1 ],
            "to": [ 15, 0.99, 15 ],
            "faces": {
                "down":  { "uv": [ 8.5, 1.5, 15.5, 0.5 ], "texture": "#rail", "rotation": 270, "cullface": "down" },
                "up":    { "uv": [ 8.5, 0.5, 15.5, 1.5 ], "texture": "#rail", "rotation": 90 },
                "north": { "uv": [ 8.5, 0.5, 9, 1.5 ], "texture": "#rail", "rotation": 270 },
                "south": { "uv": [ 15, 0.5, 15.5, 1.5 ], "texture": "#rail", "rotation": 90 },
                "west":  { "uv": [ 8.5, 1, 15.5, 1.5 ], "texture": "#rail" },
                "east":  { "uv": [ 15.5, 0.5, 8.5, 1 ], "texture": "#rail" }
            }
        },
        {   "from": [ 1.5, 0, 10 ],
            "to": [ 14.5, 1, 12 ],
            "rotation": { "angle": -45, "axis": "y", "origin": [ 11, 0, 11 ] },
            "faces": {
                "down":  { "uv": [ 8.5, 5.5, 15.5, 4.5 ], "texture": "#rail", "cullface": "down" },
                "up":    { "uv": [ 8.5, 4.5, 15.5, 5.5 ], "texture": "#rail" },
                "north": { "uv": [ 15.5, 4.5, 8.5, 5 ], "texture": "#rail" },
                "south": { "uv": [ 8.5, 5, 15.5, 5.5 ], "texture": "#rail" },
                "west":  { "uv": [ 8.5, 4.5, 9, 5.5 ], "texture": "#rail", "rotation": 270 },
                "east":  { "uv": [ 15, 4.5, 15.5, 5.5 ], "texture": "#rail", "rotation": 90 }
            }
        },
        {   "from": [ 1, 0.01, 13 ],
            "to": [ 13, 1.01, 15 ],
            "faces": {
                "down":  { "uv": [ 8.5, 9.5, 14.5, 8.5 ], "texture": "#rail", "cullface": "down" },
                "up":    { "uv": [ 8.5, 8.5, 14.5, 9.5 ], "texture": "#rail" },
                "north": { "uv": [ 14.5, 8.5, 8.5, 9 ], "texture": "#rail" },
                "south": { "uv": [ 8.5, 9, 14.5, 9.5 ], "texture": "#rail" },
                "west":  { "uv": [ 8.5, 8.5, 9, 9.5 ], "texture": "#rail", "rotation": 270 }
            }
        }
    ]
}
