{
    "parent": "item/orientation/chain",
    "elements": [
        {   "from": [ 7.5, 0, 6.5 ],
            "to": [ 8.5, 1, 7.5 ],
            "rotation": { "angle": 45, "axis": "y", "origin": [ 8, 8, 8 ] },
            "faces": {
                "down":  { "uv": [ 3, 15, 4, 16 ], "texture": "#chain" },
                "north": { "uv": [ 3, 15, 4, 16 ], "texture": "#chain" },
                "south": { "uv": [ 3, 15, 4, 16 ], "texture": "#chain" },
                "west":  { "uv": [ 3, 15, 4, 16 ], "texture": "#chain" },
                "east":  { "uv": [ 3, 15, 4, 16 ], "texture": "#chain" }
            }
        },
        {   "from": [ 7.5, 0, 8.5 ],
            "to": [ 8.5, 1, 9.5 ],
            "rotation": { "angle": 45, "axis": "y", "origin": [ 8, 8, 8 ] },
            "faces": {
                "down":  { "uv": [ 5, 15, 6, 16 ], "texture": "#chain" },
                "north": { "uv": [ 5, 15, 6, 16 ], "texture": "#chain" },
                "south": { "uv": [ 5, 15, 6, 16 ], "texture": "#chain" },
                "west":  { "uv": [ 5, 15, 6, 16 ], "texture": "#chain" },
                "east":  { "uv": [ 5, 15, 6, 16 ], "texture": "#chain" }
            }
        },
        {   "from": [ 7.5, 1, 6.5 ],
            "to": [ 8.5, 2, 9.5 ],
            "rotation": { "angle": 45, "axis": "y", "origin": [ 8, 8, 8 ] },
            "faces": {
                "down":  { "uv": [ 3, 14, 6, 15 ], "texture": "#chain", "rotation": 270 },
                "up":    { "uv": [ 3, 14, 6, 15 ], "texture": "#chain", "rotation": 90 },
                "north": { "uv": [ 3, 14, 4, 15 ], "texture": "#chain" },
                "south": { "uv": [ 5, 14, 6, 15 ], "texture": "#chain" },
                "west":  { "uv": [ 3, 14, 6, 15 ], "texture": "#chain" },
                "east":  { "uv": [ 3, 14, 6, 15 ], "texture": "#chain", "rotation": 180 }
            }
        },
        {   "from": [ 6.5, 1, 7.5 ],
            "to": [ 7.5, 4, 8.5 ],
            "rotation": { "angle": 45, "axis": "y", "origin": [ 8, 8, 8 ] },
            "faces": {
                "down":  { "uv": [ 0, 14, 1, 15 ], "texture": "#chain" },
                "up":    { "uv": [ 0, 12, 1, 13 ], "texture": "#chain" },
                "north": { "uv": [ 0, 12, 1, 15 ], "texture": "#chain" },
                "south": { "uv": [ 0, 12, 1, 15 ], "texture": "#chain" },
                "west":  { "uv": [ 0, 12, 1, 15 ], "texture": "#chain" },
                "east":  { "uv": [ 0, 12, 1, 15 ], "texture": "#chain" }
            }
        },
        {   "from": [ 8.5, 1, 7.5 ],
            "to": [ 9.5, 4, 8.5 ],
            "rotation": { "angle": 45, "axis": "y", "origin": [ 8, 8, 8 ] },
            "faces": {
                "down":  { "uv": [ 2, 14, 3, 15 ], "texture": "#chain" },
                "up":    { "uv": [ 2, 12, 3, 13 ], "texture": "#chain" },
                "north": { "uv": [ 2, 12, 3, 15 ], "texture": "#chain" },
                "south": { "uv": [ 2, 12, 3, 15 ], "texture": "#chain" },
                "west":  { "uv": [ 2, 12, 3, 15 ], "texture": "#chain" },
                "east":  { "uv": [ 2, 12, 3, 15 ], "texture": "#chain" }
            }
        },
        {   "from": [ 7.5, 3, 6.5 ],
            "to": [ 8.5, 4, 9.5 ],
            "rotation": { "angle": 45, "axis": "y", "origin": [ 8, 8, 8 ] },
            "faces": {
                "down":  { "uv": [ 3, 12, 6, 13 ], "texture": "#chain", "rotation": 270 },
                "up":    { "uv": [ 3, 12, 6, 13 ], "texture": "#chain", "rotation": 90 },
                "north": { "uv": [ 3, 12, 4, 13 ], "texture": "#chain" },
                "south": { "uv": [ 5, 12, 6, 13 ], "texture": "#chain" },
                "west":  { "uv": [ 3, 12, 6, 13 ], "texture": "#chain" },
                "east":  { "uv": [ 3, 12, 6, 13 ], "texture": "#chain", "rotation": 180 }
            }
        },
        {   "from": [ 7.5, 4, 6.5 ],
            "to": [ 8.5, 6, 7.5 ],
            "rotation": { "angle": 45, "axis": "y", "origin": [ 8, 8, 8 ] },
            "faces": {
                "north": { "uv": [ 3, 10, 4, 12 ], "texture": "#chain" },
                "south": { "uv": [ 3, 10, 4, 12 ], "texture": "#chain" },
                "west":  { "uv": [ 3, 10, 4, 12 ], "texture": "#chain" },
                "east":  { "uv": [ 3, 10, 4, 12 ], "texture": "#chain" }
            }
        },
        {   "from": [ 7.5, 4, 8.5 ],
            "to": [ 8.5, 6, 9.5 ],
            "rotation": { "angle": 45, "axis": "y", "origin": [ 8, 8, 8 ] },
            "faces": {
                "north": { "uv": [ 5, 10, 6, 12 ], "texture": "#chain" },
                "south": { "uv": [ 5, 10, 6, 12 ], "texture": "#chain" },
                "west":  { "uv": [ 5, 10, 6, 12 ], "texture": "#chain" },
                "east":  { "uv": [ 5, 10, 6, 12 ], "texture": "#chain" }
            }
        },
        {   "from": [ 7.5, 6, 6.5 ],
            "to": [ 8.5, 7, 9.5 ],
            "rotation": { "angle": 45, "axis": "y", "origin": [ 8, 8, 8 ] },
            "faces": {
                "down":  { "uv": [ 3, 9, 6, 10 ], "texture": "#chain", "rotation": 270 },
                "up":    { "uv": [ 3, 9, 6, 10 ], "texture": "#chain", "rotation": 90 },
                "north": { "uv": [ 3, 9, 4, 10 ], "texture": "#chain" },
                "south": { "uv": [ 5, 9, 6, 10 ], "texture": "#chain" },
                "west":  { "uv": [ 3, 9, 6, 10 ], "texture": "#chain" },
                "east":  { "uv": [ 3, 9, 6, 10 ], "texture": "#chain", "rotation": 180 }
            }
        },
        {   "from": [ 6.5, 6, 7.5 ],
            "to": [ 7.5, 10, 8.5 ],
            "rotation": { "angle": 45, "axis": "y", "origin": [ 8, 8, 8 ] },
            "faces": {
                "down":  { "uv": [ 0, 9, 1, 10 ], "texture": "#chain" },
                "up":    { "uv": [ 0, 6, 1, 7 ], "texture": "#chain" },
                "north": { "uv": [ 0, 6, 1, 10 ], "texture": "#chain" },
                "south": { "uv": [ 0, 6, 1, 10 ], "texture": "#chain" },
                "west":  { "uv": [ 0, 6, 1, 10 ], "texture": "#chain" },
                "east":  { "uv": [ 0, 6, 1, 10 ], "texture": "#chain" }
            }
        },
        {   "from": [ 8.5, 6, 7.5 ],
            "to": [ 9.5, 10, 8.5 ],
            "rotation": { "angle": 45, "axis": "y", "origin": [ 8, 8, 8 ] },
            "faces": {
                "down":  { "uv": [ 2, 9, 3, 10 ], "texture": "#chain" },
                "up":    { "uv": [ 2, 6, 3, 7 ], "texture": "#chain" },
                "north": { "uv": [ 2, 6, 3, 10 ], "texture": "#chain" },
                "south": { "uv": [ 2, 6, 3, 10 ], "texture": "#chain" },
                "west":  { "uv": [ 2, 6, 3, 10 ], "texture": "#chain" },
                "east":  { "uv": [ 2, 6, 3, 10 ], "texture": "#chain" }
            }
        },
        {   "from": [ 7.5, 9, 6.5 ],
            "to": [ 8.5, 10, 9.5 ],
            "rotation": { "angle": 45, "axis": "y", "origin": [ 8, 8, 8 ] },
            "faces": {
                "down":  { "uv": [ 3, 6, 6, 7 ], "texture": "#chain", "rotation": 270 },
                "up":    { "uv": [ 3, 6, 6, 7 ], "texture": "#chain", "rotation": 90 },
                "north": { "uv": [ 3, 6, 4, 7 ], "texture": "#chain" },
                "south": { "uv": [ 5, 6, 6, 7 ], "texture": "#chain" },
                "west":  { "uv": [ 3, 6, 6, 7 ], "texture": "#chain" },
                "east":  { "uv": [ 3, 6, 6, 7 ], "texture": "#chain", "rotation": 180 }
            }
        },
        {   "from": [ 7.5, 10, 6.5 ],
            "to": [ 8.5, 12, 7.5 ],
            "rotation": { "angle": 45, "axis": "y", "origin": [ 8, 8, 8 ] },
            "faces": {
                "north": { "uv": [ 3, 4, 4, 6 ], "texture": "#chain" },
                "south": { "uv": [ 3, 4, 4, 6 ], "texture": "#chain" },
                "west":  { "uv": [ 3, 4, 4, 6 ], "texture": "#chain" },
                "east":  { "uv": [ 3, 4, 4, 6 ], "texture": "#chain" }
            }
        },
        {   "from": [ 7.5, 10, 8.5 ],
            "to": [ 8.5, 12, 9.5 ],
            "rotation": { "angle": 45, "axis": "y", "origin": [ 8, 8, 8 ] },
            "faces": {
                "north": { "uv": [ 5, 4, 6, 6 ], "texture": "#chain" },
                "south": { "uv": [ 5, 4, 6, 6 ], "texture": "#chain" },
                "west":  { "uv": [ 5, 4, 6, 6 ], "texture": "#chain" },
                "east":  { "uv": [ 5, 4, 6, 6 ], "texture": "#chain" }
            }
        },
        {   "from": [ 7.5, 12, 6.5 ],
            "to": [ 8.5, 13, 9.5 ],
            "rotation": { "angle": 45, "axis": "y", "origin": [ 8, 8, 8 ] },
            "faces": {
                "down":  { "uv": [ 3, 3, 6, 4 ], "texture": "#chain", "rotation": 270 },
                "up":    { "uv": [ 3, 3, 6, 4 ], "texture": "#chain", "rotation": 90 },
                "north": { "uv": [ 3, 3, 4, 4 ], "texture": "#chain" },
                "south": { "uv": [ 5, 3, 6, 4 ], "texture": "#chain" },
                "west":  { "uv": [ 3, 3, 6, 4 ], "texture": "#chain" },
                "east":  { "uv": [ 3, 3, 6, 4 ], "texture": "#chain", "rotation": 180 }
            }
        },
        {   "from": [ 6.5, 12, 7.5 ],
            "to": [ 7.5, 15, 8.5 ],
            "rotation": { "angle": 45, "axis": "y", "origin": [ 8, 8, 8 ] },
            "faces": {
                "down":  { "uv": [ 0, 3, 1, 4 ], "texture": "#chain" },
                "up":    { "uv": [ 0, 1, 1, 2 ], "texture": "#chain" },
                "north": { "uv": [ 0, 1, 1, 4 ], "texture": "#chain" },
                "south": { "uv": [ 0, 1, 1, 4 ], "texture": "#chain" },
                "west":  { "uv": [ 0, 1, 1, 4 ], "texture": "#chain" },
                "east":  { "uv": [ 0, 1, 1, 4 ], "texture": "#chain" }
            }
        },
        {   "from": [ 8.5, 12, 7.5 ],
            "to": [ 9.5, 15, 8.5 ],
            "rotation": { "angle": 45, "axis": "y", "origin": [ 8, 8, 8 ] },
            "faces": {
                "down":  { "uv": [ 2, 3, 3, 4 ], "texture": "#chain" },
                "up":    { "uv": [ 2, 1, 3, 2 ], "texture": "#chain" },
                "north": { "uv": [ 2, 1, 3, 4 ], "texture": "#chain" },
                "south": { "uv": [ 2, 1, 3, 4 ], "texture": "#chain" },
                "west":  { "uv": [ 2, 1, 3, 4 ], "texture": "#chain" },
                "east":  { "uv": [ 2, 1, 3, 4 ], "texture": "#chain" }
            }
        },
        {   "from": [ 7.5, 14, 6.5 ],
            "to": [ 8.5, 15, 9.5 ],
            "rotation": { "angle": 45, "axis": "y", "origin": [ 8, 8, 8 ] },
            "faces": {
                "down":  { "uv": [ 3, 1, 6, 2 ], "texture": "#chain", "rotation": 270 },
                "up":    { "uv": [ 3, 1, 6, 2 ], "texture": "#chain", "rotation": 90 },
                "north": { "uv": [ 3, 1, 4, 2 ], "texture": "#chain" },
                "south": { "uv": [ 5, 1, 6, 2 ], "texture": "#chain" },
                "west":  { "uv": [ 3, 1, 6, 2 ], "texture": "#chain" },
                "east":  { "uv": [ 3, 1, 6, 2 ], "texture": "#chain", "rotation": 180 }
            }
        },
        {   "from": [ 7.5, 15, 6.5 ],
            "to": [ 8.5, 16, 7.5 ],
            "rotation": { "angle": 45, "axis": "y", "origin": [ 8, 8, 8 ] },
            "faces": {
                "up":    { "uv": [ 3, 0, 4, 1 ], "texture": "#chain" },
                "north": { "uv": [ 3, 0, 4, 1 ], "texture": "#chain" },
                "south": { "uv": [ 3, 0, 4, 1 ], "texture": "#chain" },
                "west":  { "uv": [ 3, 0, 4, 1 ], "texture": "#chain" },
                "east":  { "uv": [ 3, 0, 4, 1 ], "texture": "#chain" }
            }
        },
        {   "from": [ 7.5, 15, 8.5 ],
            "to": [ 8.5, 16, 9.5 ],
            "rotation": { "angle": 45, "axis": "y", "origin": [ 8, 8, 8 ] },
            "faces": {
                "up":    { "uv": [ 5, 0, 6, 1 ], "texture": "#chain" },
                "north": { "uv": [ 5, 0, 6, 1 ], "texture": "#chain" },
                "south": { "uv": [ 5, 0, 6, 1 ], "texture": "#chain" },
                "west":  { "uv": [ 5, 0, 6, 1 ], "texture": "#chain" },
                "east":  { "uv": [ 5, 0, 6, 1 ], "texture": "#chain" }
            }
        }
    ]
}
