{
    "parent": "item/orientation/rail",
    "elements": [
        {   "from": [ 2, 1, 0 ],
            "to": [ 4, 2, 16 ],
            "faces": {
                "down":  { "uv": [ 0, 8, 1, 0 ], "texture": "#rail" },
                "up":    { "uv": [ 0, 0, 1, 8 ], "texture": "#rail" },
                "north": { "uv": [ 1, 0, 0, 0.5 ], "texture": "#rail" },
                "south": { "uv": [ 0, 7.5, 1, 8 ], "texture": "#rail" },
                "west":  { "uv": [ 0, 0, 0.5, 8 ], "texture": "#rail", "rotation": 270 },
                "east":  { "uv": [ 0.5, 0, 1, 8 ], "texture": "#rail", "rotation": 90 }
            }
        },
        {   "from": [ 12, 1, 0 ],
            "to": [ 14, 2, 16 ],
            "faces": {
                "down":  { "uv": [ 1.5, 8, 2.5, 0 ], "texture": "#rail" },
                "up":    { "uv": [ 1.5, 0, 2.5, 8 ], "texture": "#rail" },
                "north": { "uv": [ 2.5, 0, 1.5, 0.5 ], "texture": "#rail" },
                "south": { "uv": [ 1.5, 7.5, 2.5, 8 ], "texture": "#rail" },
                "west":  { "uv": [ 1.5, 0, 2, 8 ], "texture": "#rail", "rotation": 270 },
                "east":  { "uv": [ 2, 0, 2.5, 8 ], "texture": "#rail", "rotation": 90 }
            }
        },
        {   "from": [ 1, 0, 1 ],
            "to": [ 15, 1, 3 ],
            "faces": {
                "down":  { "uv": [ 8.5, 1.5, 15.5, 0.5 ], "texture": "#rail" },
                "up":    { "uv": [ 8.5, 0.5, 15.5, 1.5 ], "texture": "#rail" },
                "north": { "uv": [ 15.5, 0.5, 8.5, 1 ], "texture": "#rail" },
                "south": { "uv": [ 8.5, 1, 15.5, 1.5 ], "texture": "#rail" },
                "west":  { "uv": [ 8.5, 0.5, 9, 1.5 ], "texture": "#rail", "rotation": 270 },
                "east":  { "uv": [ 15, 0.5, 15.5, 1.5 ], "texture": "#rail", "rotation": 90 }
            }
        },
        {   "from": [ 1, 0, 5 ],
            "to": [ 5, 1, 7 ],
            "faces": {
                "down":  { "uv": [ 8.5, 3.5, 10.5, 2.5 ], "texture": "#rail" },
                "up":    { "uv": [ 8.5, 2.5, 10.5, 3.5 ], "texture": "#rail" },
                "north": { "uv": [ 10.5, 2.5, 8.5, 3 ], "texture": "#rail" },
                "south": { "uv": [ 8.5, 3, 10.5, 3.5 ], "texture": "#rail" },
                "west":  { "uv": [ 8.5, 2.5, 9, 3.5 ], "texture": "#rail", "rotation": 270 }
            }
        },
        {   "from": [ 11, 0, 5 ],
            "to": [ 15, 1, 7 ],
            "faces": {
                "down":  { "uv": [ 13.5, 3.5, 15.5, 2.5 ], "texture": "#rail" },
                "up":    { "uv": [ 13.5, 2.5, 15.5, 3.5 ], "texture": "#rail" },
                "north": { "uv": [ 15.5, 2.5, 13.5, 3 ], "texture": "#rail" },
                "south": { "uv": [ 13.5, 3, 15.5, 3.5 ], "texture": "#rail" },
                "east":  { "uv": [ 15, 2.5, 15.5, 3.5 ], "texture": "#rail", "rotation": 90 }
            }
        },
        {   "from": [ 1, 0, 9 ],
            "to": [ 5, 1, 11 ],
            "faces": {
                "down":  { "uv": [ 8.5, 5.5, 10.5, 4.5 ], "texture": "#rail" },
                "up":    { "uv": [ 8.5, 4.5, 10.5, 5.5 ], "texture": "#rail" },
                "north": { "uv": [ 10.5, 4.5, 8.5, 5 ], "texture": "#rail" },
                "south": { "uv": [ 8.5, 5, 10.5, 5.5 ], "texture": "#rail" },
                "west":  { "uv": [ 8.5, 4.5, 9, 5.5 ], "texture": "#rail", "rotation": 270 }
            }
        },
        {   "from": [ 11, 0, 9 ],
            "to": [ 15, 1, 11 ],
            "faces": {
                "down":  { "uv": [ 13.5, 5.5, 15.5, 4.5 ], "texture": "#rail" },
                "up":    { "uv": [ 13.5, 4.5, 15.5, 5.5 ], "texture": "#rail" },
                "north": { "uv": [ 15.5, 4.5, 13.5, 5 ], "texture": "#rail" },
                "south": { "uv": [ 13.5, 5, 15.5, 5.5 ], "texture": "#rail" },
                "east":  { "uv": [ 15, 4.5, 15.5, 5.5 ], "texture": "#rail", "rotation": 90 }
            }
        },
        {   "from": [ 1, 0, 13 ],
            "to": [ 15, 1, 15 ],
            "faces": {
                "down":  { "uv": [ 8.5, 9.5, 15.5, 8.5 ], "texture": "#rail" },
                "up":    { "uv": [ 8.5, 8.5, 15.5, 9.5 ], "texture": "#rail" },
                "north": { "uv": [ 15.5, 8.5, 8.5, 9 ], "texture": "#rail" },
                "south": { "uv": [ 8.5, 9, 15.5, 9.5 ], "texture": "#rail" },
                "west":  { "uv": [ 8.5, 8.5, 9, 9.5 ], "texture": "#rail", "rotation": 270 },
                "east":  { "uv": [ 15, 8.5, 15.5, 9.5 ], "texture": "#rail", "rotation": 90 }
            }
        },
        {   "from": [ 5, 0, 5 ],
			"to": [ 11, 1, 11 ],
			"faces": {
				"down":  { "uv": [ 10.5, 13.5, 13.5, 10.5 ], "texture": "#rail" },
				"up":    { "uv": [ 10.5, 10.5, 13.5, 13.5 ], "texture": "#rail" },
                "north": { "uv": [ 13.5, 10.5, 10.5, 11 ], "texture": "#rail" },
                "south": { "uv": [ 10.5, 13, 13.5, 13.5 ], "texture": "#rail" },
                "west":  { "uv": [ 10.5, 10.5, 11, 13.5 ], "texture": "#rail", "rotation": 270 },
				"east":  { "uv": [ 13, 10.5, 13.5, 13.5 ], "texture": "#rail", "rotation": 90 }
			}
		},
        {   "from": [ 6, 1, 6 ],
			"to": [ 10, 2, 10 ],
			"faces": {
				"up":    { "uv": [ 11, 11, 13, 13 ], "texture": "#rail" },
                "north": { "uv": [ 13, 11, 11, 11.5 ], "texture": "#rail" },
                "south": { "uv": [ 11, 12.5, 13, 13 ], "texture": "#rail" },
                "west":  { "uv": [ 11, 11, 11.5, 13 ], "texture": "#rail", "rotation": 270 },
				"east":  { "uv": [ 12.5, 11, 13, 13 ], "texture": "#rail", "rotation": 90 }
			}
		}
    ]
}
