{
    "parent": "item/orientation/iron_bars",
    "elements": [
        {   "from": [ 14, 7, 7 ],
            "to": [ 16, 9, 9 ],
            "faces": {
                "down":  { "uv": [ 2, 7, 0, 9 ], "texture": "#bars" },
                "up":    { "uv": [ 2, 7, 0, 9 ], "texture": "#bars" },
                "north": { "uv": [ 0, 7, 2, 9 ], "texture": "#bars" },
                "south": { "uv": [ 0, 7, 2, 9 ], "texture": "#bars", "rotation": 180 },
                "east":  { "uv": [ 0, 7, 2, 9 ], "texture": "#bars" }
            }
        },
        {   "from": [ 12, 0, 7 ],
            "to": [ 14, 16, 9 ],
            "faces": {
                "down":  { "uv": [ 7, 2, 9, 4 ], "texture": "#bars", "rotation": 90 },
                "up":    { "uv": [ 7, 2, 9, 4 ], "texture": "#bars", "rotation": 270 },
                "north": { "uv": [ 2, 0, 4, 16 ], "texture": "#bars" },
                "south": { "uv": [ 2, 0, 4, 16 ], "texture": "#bars" },
                "west":  { "uv": [ 4, 0, 2, 16 ], "texture": "#bars" },
                "east":  { "uv": [ 4, 0, 2, 16 ], "texture": "#bars" }
            }
        },
        {   "from": [ 9, 12, 7 ],
            "to": [ 12, 14, 9 ],
            "faces": {
                "down":  { "uv": [ 7, 2, 4, 4 ], "texture": "#bars" },
                "up":    { "uv": [ 7, 2, 4, 4 ], "texture": "#bars" },
                "north": { "uv": [ 4, 2, 7, 4 ], "texture": "#bars" }, 
                "south": { "uv": [ 4, 2, 7, 4 ], "texture": "#bars", "rotation": 180 }
            }
        },
        {   "from": [ 7, 0, 7 ],
            "to": [ 9, 16, 9 ],
            "faces": {
                "down":  { "uv": [ 7, 7, 9, 9 ], "texture": "#bars", "rotation": 180 },
                "up":    { "uv": [ 7, 7, 9, 9 ], "texture": "#bars", "rotation": 180 },
                "north": { "uv": [ 7, 0, 9, 16 ], "texture": "#bars" },
                "south": { "uv": [ 7, 0, 9, 16 ], "texture": "#bars" },
                "west":  { "uv": [ 9, 0, 7, 16 ], "texture": "#bars" },
                "east":  { "uv": [ 9, 0, 7, 16 ], "texture": "#bars" }
            }
        },
        {   "from": [ 4, 2, 7 ],
            "to": [ 7, 4, 9 ],
            "faces": {
                "down":  { "uv": [ 12, 12, 9, 14 ], "texture": "#bars" },
                "up":    { "uv": [ 12, 12, 9, 14 ], "texture": "#bars" },
                "north": { "uv": [ 9, 12, 12, 14 ], "texture": "#bars" },
                "south": { "uv": [ 9, 12, 12, 14 ], "texture": "#bars", "rotation": 180 }
            }
        },
        {   "from": [ 2, 0, 7 ],
            "to": [ 4, 16, 9 ],
            "faces": {
                "down":  { "uv": [ 7, 2, 9, 4 ], "texture": "#bars", "rotation": 90 },
                "up":    { "uv": [ 7, 2, 9, 4 ], "texture": "#bars", "rotation": 270 },
                "north": { "uv": [ 12, 0, 14, 16 ], "texture": "#bars" },
                "south": { "uv": [ 12, 0, 14, 16 ], "texture": "#bars" },
                "west":  { "uv": [ 14, 0, 12, 16 ], "texture": "#bars" },
                "east":  { "uv": [ 14, 0, 12, 16 ], "texture": "#bars" }
            }
        },
        {   "from": [ 0, 7, 7 ],
            "to": [ 2, 9, 9 ],
            "faces": {
                "down":  { "uv": [ 16, 7, 14, 9 ], "texture": "#bars" },
                "up":    { "uv": [ 16, 7, 14, 9 ], "texture": "#bars" },
                "north": { "uv": [ 14, 7, 16, 9 ], "texture": "#bars" },
                "south": { "uv": [ 14, 7, 16, 9 ], "texture": "#bars", "rotation": 180 },
                "west":  { "uv": [ 14, 7, 16, 9 ], "texture": "#bars" }
            }
        }
    ]
}
